{
  "prepare_queue": {
    "installed": [],
    "uninstalled": []
  },
  "config_munge": {
    "files": {
      "config.xml": {
        "parents": {
          "/*": [
            {
              "xml": "<feature name=\"File\"><param name=\"ios-package\" value=\"CDVFile\" /><param name=\"onload\" value=\"true\" /></feature>",
              "count": 1
            },
            {
              "xml": "<feature name=\"Device\"><param name=\"ios-package\" value=\"CDVDevice\" /></feature>",
              "count": 1
            },
            {
              "xml": "<feature name=\"BackgroundMode\"><param name=\"ios-package\" onload=\"true\" value=\"APPBackgroundMode\" /><param name=\"onload\" value=\"true\" /></feature>",
              "count": 1
            },
            {
              "xml": "<feature name=\"Compass\"><param name=\"ios-package\" value=\"CDVCompass\" /></feature>",
              "count": 1
            },
            {
              "xml": "<feature name=\"Geolocation\"><param name=\"ios-package\" value=\"CDVLocation\" /></feature>",
              "count": 1
            },
            {
              "xml": "<feature name=\"Globalization\"><param name=\"ios-package\" value=\"CDVGlobalization\" /></feature>",
              "count": 1
            },
            {
              "xml": "<feature name=\"CDVOrientation\"><param name=\"ios-package\" value=\"CDVOrientation\" /></feature>",
              "count": 1
            },
            {
              "xml": "<feature name=\"StatusBar\"><param name=\"ios-package\" value=\"CDVStatusBar\" /><param name=\"onload\" value=\"true\" /></feature>",
              "count": 1
            },
            {
              "xml": "<preference name=\"StatusBarOverlaysWebView\" value=\"true\" />",
              "count": 1
            },
            {
              "xml": "<preference name=\"StatusBarStyle\" value=\"lightcontent\" />",
              "count": 1
            },
            {
              "xml": "<feature name=\"Toast\"><param name=\"ios-package\" value=\"Toast\" /></feature>",
              "count": 1
            },
            {
              "xml": "<feature name=\"Diagnostic\"><param name=\"ios-package\" value=\"Diagnostic\" /><param name=\"onload\" value=\"true\" /></feature>",
              "count": 1
            },
            {
              "xml": "<feature name=\"Diagnostic_Location\"><param name=\"ios-package\" value=\"Diagnostic_Location\" /><param name=\"onload\" value=\"true\" /></feature>",
              "count": 1
            },
            {
              "xml": "<feature name=\"Diagnostic_Bluetooth\"><param name=\"ios-package\" value=\"Diagnostic_Bluetooth\" /><param name=\"onload\" value=\"true\" /></feature>",
              "count": 1
            },
            {
              "xml": "<feature name=\"Diagnostic_Wifi\"><param name=\"ios-package\" value=\"Diagnostic_Wifi\" /><param name=\"onload\" value=\"true\" /></feature>",
              "count": 1
            },
            {
              "xml": "<feature name=\"Diagnostic_Camera\"><param name=\"ios-package\" value=\"Diagnostic_Camera\" /><param name=\"onload\" value=\"true\" /></feature>",
              "count": 1
            },
            {
              "xml": "<feature name=\"Diagnostic_Notifications\"><param name=\"ios-package\" value=\"Diagnostic_Notifications\" /><param name=\"onload\" value=\"true\" /></feature>",
              "count": 1
            },
            {
              "xml": "<feature name=\"Diagnostic_Microphone\"><param name=\"ios-package\" value=\"Diagnostic_Microphone\" /><param name=\"onload\" value=\"true\" /></feature>",
              "count": 1
            },
            {
              "xml": "<feature name=\"Diagnostic_Contacts\"><param name=\"ios-package\" value=\"Diagnostic_Contacts\" /><param name=\"onload\" value=\"true\" /></feature>",
              "count": 1
            },
            {
              "xml": "<feature name=\"Diagnostic_Calendar\"><param name=\"ios-package\" value=\"Diagnostic_Calendar\" /><param name=\"onload\" value=\"true\" /></feature>",
              "count": 1
            },
            {
              "xml": "<feature name=\"Diagnostic_Reminders\"><param name=\"ios-package\" value=\"Diagnostic_Reminders\" /><param name=\"onload\" value=\"true\" /></feature>",
              "count": 1
            },
            {
              "xml": "<feature name=\"Diagnostic_Motion\"><param name=\"ios-package\" value=\"Diagnostic_Motion\" /><param name=\"onload\" value=\"true\" /></feature>",
              "count": 1
            },
            {
              "xml": "<feature name=\"Keyboard\"><param name=\"ios-package\" onload=\"true\" value=\"IonicKeyboard\" /></feature>",
              "count": 1
            },
            {
              "xml": "<feature name=\"Camera\"><param name=\"ios-package\" value=\"CDVCamera\" /></feature>",
              "count": 1
            },
            {
              "xml": "<preference name=\"CameraUsesGeolocation\" value=\"false\" />",
              "count": 1
            },
            {
              "xml": "<feature name=\"FileTransfer\"><param name=\"ios-package\" value=\"CDVFileTransfer\" /></feature>",
              "count": 1
            }
          ]
        }
      },
      "*-Info.plist": {
        "parents": {
          "UIBackgroundModes": [
            {
              "xml": "<array><string>audio</string></array>",
              "count": 1
            }
          ],
          "NSLocationWhenInUseUsageDescription": [
            {
              "xml": "<string> </string>",
              "count": 1
            },
            {
              "xml": "<string>This app requires access to your location when the screen is on and the app is displayed.</string>",
              "count": 1
            }
          ],
          "NSLocationAlwaysAndWhenInUseUsageDescription": [
            {
              "xml": "<string>This app requires constant access to your location in order to track your position, even when the screen is off or the app is in the background.</string>",
              "count": 1
            }
          ],
          "NSLocationAlwaysUsageDescription": [
            {
              "xml": "<string>This app requires constant access to your location in order to track your position, even when the screen is off or the app is in the background.</string>",
              "count": 1
            }
          ],
          "NSBluetoothPeripheralUsageDescription": [
            {
              "xml": "<string>This app requires Bluetooth access to function properly.</string>",
              "count": 1
            }
          ],
          "NSBluetoothAlwaysUsageDescription": [
            {
              "xml": "<string>This app requires constant Bluetooth access to function properly.</string>",
              "count": 1
            }
          ],
          "NSLocalNetworkUsageDescription": [
            {
              "xml": "<string>This app requires access to your local network in order to discover and connect to devices on the same network.</string>",
              "count": 1
            }
          ],
          "NSBonjourServices": [
            {
              "xml": "<array><string>_lnp._tcp.</string><string>_bonjour._tcp.</string></array>",
              "count": 1
            }
          ],
          "NSCameraUsageDescription": [
            {
              "xml": "<string>This app requires camera access to function properly.</string>",
              "count": 1
            }
          ],
          "NSPhotoLibraryUsageDescription": [
            {
              "xml": "<string>This app requires photo library access to function properly.</string>",
              "count": 1
            }
          ],
          "NSMicrophoneUsageDescription": [
            {
              "xml": "<string>This app requires microphone access to function properly.</string>",
              "count": 1
            }
          ],
          "NSContactsUsageDescription": [
            {
              "xml": "<string>This app requires contacts access to function properly.</string>",
              "count": 1
            }
          ],
          "NSCalendarsUsageDescription": [
            {
              "xml": "<string>This app requires calendar access to function properly.</string>",
              "count": 1
            }
          ],
          "NSRemindersUsageDescription": [
            {
              "xml": "<string>This app requires reminders access to function properly.</string>",
              "count": 1
            }
          ],
          "NSMotionUsageDescription": [
            {
              "xml": "<string>This app requires motion detection access to function properly.</string>",
              "count": 1
            }
          ]
        }
      }
    }
  },
  "installed_plugins": {
    "cordova-plugin-compat": {
      "PACKAGE_NAME": "com.wyszynski.ekepOLD"
    },
    "cordova-plugin-file": {
      "PACKAGE_NAME": "com.wyszynski.ekepOLD"
    },
    "cordova-plugin-device": {
      "PACKAGE_NAME": "com.wyszynski.ekepOLD"
    },
    "cordova-plugin-background-mode": {
      "PACKAGE_NAME": "com.wyszynski.ekepOLD"
    },
    "cordova-plugin-device-orientation": {
      "PACKAGE_NAME": "com.wyszynski.ekepOLD"
    },
    "cordova-plugin-geolocation": {
      "GEOLOCATION_USAGE_DESCRIPTION": " ",
      "PACKAGE_NAME": "com.wyszynski.ekepOLD"
    },
    "cordova-plugin-globalization": {
      "PACKAGE_NAME": "com.wyszynski.ekepOLD"
    },
    "cordova-plugin-screen-orientation": {
      "PACKAGE_NAME": "com.wyszynski.ekepOLD"
    },
    "cordova-plugin-statusbar": {
      "PACKAGE_NAME": "com.wyszynski.ekepOLD"
    },
    "cordova-plugin-x-toast": {
      "PACKAGE_NAME": "com.wyszynski.ekepOLD"
    },
    "cordova.plugins.diagnostic": {
      "PACKAGE_NAME": "com.wyszynski.ekepOLD"
    },
    "es6-promise-plugin": {
      "PACKAGE_NAME": "com.wyszynski.ekepOLD"
    },
    "ionic-plugin-keyboard": {
      "PACKAGE_NAME": "com.wyszynski.ekepOLD"
    },
    "cordova-plugin-camera": {
      "PACKAGE_NAME": "com.wyszynski.ekepOLD"
    },
    "cordova-plugin-file-transfer": {
      "PACKAGE_NAME": "com.wyszynski.ekepOLD"
    }
  },
  "dependent_plugins": {},
  "modules": [
    {
      "id": "cordova-plugin-file.DirectoryEntry",
      "file": "plugins/cordova-plugin-file/www/DirectoryEntry.js",
      "pluginId": "cordova-plugin-file",
      "clobbers": [
        "window.DirectoryEntry"
      ]
    },
    {
      "id": "cordova-plugin-file.DirectoryReader",
      "file": "plugins/cordova-plugin-file/www/DirectoryReader.js",
      "pluginId": "cordova-plugin-file",
      "clobbers": [
        "window.DirectoryReader"
      ]
    },
    {
      "id": "cordova-plugin-file.Entry",
      "file": "plugins/cordova-plugin-file/www/Entry.js",
      "pluginId": "cordova-plugin-file",
      "clobbers": [
        "window.Entry"
      ]
    },
    {
      "id": "cordova-plugin-file.File",
      "file": "plugins/cordova-plugin-file/www/File.js",
      "pluginId": "cordova-plugin-file",
      "clobbers": [
        "window.File"
      ]
    },
    {
      "id": "cordova-plugin-file.FileEntry",
      "file": "plugins/cordova-plugin-file/www/FileEntry.js",
      "pluginId": "cordova-plugin-file",
      "clobbers": [
        "window.FileEntry"
      ]
    },
    {
      "id": "cordova-plugin-file.FileError",
      "file": "plugins/cordova-plugin-file/www/FileError.js",
      "pluginId": "cordova-plugin-file",
      "clobbers": [
        "window.FileError"
      ]
    },
    {
      "id": "cordova-plugin-file.FileReader",
      "file": "plugins/cordova-plugin-file/www/FileReader.js",
      "pluginId": "cordova-plugin-file",
      "clobbers": [
        "window.FileReader"
      ]
    },
    {
      "id": "cordova-plugin-file.FileSystem",
      "file": "plugins/cordova-plugin-file/www/FileSystem.js",
      "pluginId": "cordova-plugin-file",
      "clobbers": [
        "window.FileSystem"
      ]
    },
    {
      "id": "cordova-plugin-file.FileUploadOptions",
      "file": "plugins/cordova-plugin-file/www/FileUploadOptions.js",
      "pluginId": "cordova-plugin-file",
      "clobbers": [
        "window.FileUploadOptions"
      ]
    },
    {
      "id": "cordova-plugin-file.FileUploadResult",
      "file": "plugins/cordova-plugin-file/www/FileUploadResult.js",
      "pluginId": "cordova-plugin-file",
      "clobbers": [
        "window.FileUploadResult"
      ]
    },
    {
      "id": "cordova-plugin-file.FileWriter",
      "file": "plugins/cordova-plugin-file/www/FileWriter.js",
      "pluginId": "cordova-plugin-file",
      "clobbers": [
        "window.FileWriter"
      ]
    },
    {
      "id": "cordova-plugin-file.Flags",
      "file": "plugins/cordova-plugin-file/www/Flags.js",
      "pluginId": "cordova-plugin-file",
      "clobbers": [
        "window.Flags"
      ]
    },
    {
      "id": "cordova-plugin-file.LocalFileSystem",
      "file": "plugins/cordova-plugin-file/www/LocalFileSystem.js",
      "pluginId": "cordova-plugin-file",
      "clobbers": [
        "window.LocalFileSystem"
      ],
      "merges": [
        "window"
      ]
    },
    {
      "id": "cordova-plugin-file.Metadata",
      "file": "plugins/cordova-plugin-file/www/Metadata.js",
      "pluginId": "cordova-plugin-file",
      "clobbers": [
        "window.Metadata"
      ]
    },
    {
      "id": "cordova-plugin-file.ProgressEvent",
      "file": "plugins/cordova-plugin-file/www/ProgressEvent.js",
      "pluginId": "cordova-plugin-file",
      "clobbers": [
        "window.ProgressEvent"
      ]
    },
    {
      "id": "cordova-plugin-file.fileSystems",
      "file": "plugins/cordova-plugin-file/www/fileSystems.js",
      "pluginId": "cordova-plugin-file"
    },
    {
      "id": "cordova-plugin-file.requestFileSystem",
      "file": "plugins/cordova-plugin-file/www/requestFileSystem.js",
      "pluginId": "cordova-plugin-file",
      "clobbers": [
        "window.requestFileSystem"
      ]
    },
    {
      "id": "cordova-plugin-file.resolveLocalFileSystemURI",
      "file": "plugins/cordova-plugin-file/www/resolveLocalFileSystemURI.js",
      "pluginId": "cordova-plugin-file",
      "merges": [
        "window"
      ]
    },
    {
      "id": "cordova-plugin-file.isChrome",
      "file": "plugins/cordova-plugin-file/www/browser/isChrome.js",
      "pluginId": "cordova-plugin-file",
      "runs": true
    },
    {
      "id": "cordova-plugin-file.iosEntry",
      "file": "plugins/cordova-plugin-file/www/ios/Entry.js",
      "pluginId": "cordova-plugin-file",
      "merges": [
        "Entry"
      ]
    },
    {
      "id": "cordova-plugin-file.iosFileSystem",
      "file": "plugins/cordova-plugin-file/www/ios/FileSystem.js",
      "pluginId": "cordova-plugin-file",
      "merges": [
        "FileSystem"
      ]
    },
    {
      "id": "cordova-plugin-file.fileSystems-roots",
      "file": "plugins/cordova-plugin-file/www/fileSystems-roots.js",
      "pluginId": "cordova-plugin-file",
      "runs": true
    },
    {
      "id": "cordova-plugin-file.fileSystemPaths",
      "file": "plugins/cordova-plugin-file/www/fileSystemPaths.js",
      "pluginId": "cordova-plugin-file",
      "merges": [
        "cordova"
      ],
      "runs": true
    },
    {
      "id": "cordova-plugin-device.device",
      "file": "plugins/cordova-plugin-device/www/device.js",
      "pluginId": "cordova-plugin-device",
      "clobbers": [
        "device"
      ]
    },
    {
      "id": "cordova-plugin-background-mode.BackgroundMode",
      "file": "plugins/cordova-plugin-background-mode/www/background-mode.js",
      "pluginId": "cordova-plugin-background-mode",
      "clobbers": [
        "cordova.plugins.backgroundMode",
        "plugin.backgroundMode"
      ]
    },
    {
      "id": "cordova-plugin-device-orientation.CompassError",
      "file": "plugins/cordova-plugin-device-orientation/www/CompassError.js",
      "pluginId": "cordova-plugin-device-orientation",
      "clobbers": [
        "CompassError"
      ]
    },
    {
      "id": "cordova-plugin-device-orientation.CompassHeading",
      "file": "plugins/cordova-plugin-device-orientation/www/CompassHeading.js",
      "pluginId": "cordova-plugin-device-orientation",
      "clobbers": [
        "CompassHeading"
      ]
    },
    {
      "id": "cordova-plugin-device-orientation.compass",
      "file": "plugins/cordova-plugin-device-orientation/www/compass.js",
      "pluginId": "cordova-plugin-device-orientation",
      "clobbers": [
        "navigator.compass"
      ]
    },
    {
      "id": "cordova-plugin-geolocation.Coordinates",
      "file": "plugins/cordova-plugin-geolocation/www/Coordinates.js",
      "pluginId": "cordova-plugin-geolocation",
      "clobbers": [
        "Coordinates"
      ]
    },
    {
      "id": "cordova-plugin-geolocation.PositionError",
      "file": "plugins/cordova-plugin-geolocation/www/PositionError.js",
      "pluginId": "cordova-plugin-geolocation",
      "clobbers": [
        "PositionError"
      ]
    },
    {
      "id": "cordova-plugin-geolocation.Position",
      "file": "plugins/cordova-plugin-geolocation/www/Position.js",
      "pluginId": "cordova-plugin-geolocation",
      "clobbers": [
        "Position"
      ]
    },
    {
      "id": "cordova-plugin-geolocation.geolocation",
      "file": "plugins/cordova-plugin-geolocation/www/geolocation.js",
      "pluginId": "cordova-plugin-geolocation",
      "clobbers": [
        "navigator.geolocation"
      ]
    },
    {
      "id": "cordova-plugin-globalization.GlobalizationError",
      "file": "plugins/cordova-plugin-globalization/www/GlobalizationError.js",
      "pluginId": "cordova-plugin-globalization",
      "clobbers": [
        "window.GlobalizationError"
      ]
    },
    {
      "id": "cordova-plugin-globalization.globalization",
      "file": "plugins/cordova-plugin-globalization/www/globalization.js",
      "pluginId": "cordova-plugin-globalization",
      "clobbers": [
        "navigator.globalization"
      ]
    },
    {
      "id": "cordova-plugin-screen-orientation.screenorientation",
      "file": "plugins/cordova-plugin-screen-orientation/www/screenorientation.js",
      "pluginId": "cordova-plugin-screen-orientation",
      "clobbers": [
        "cordova.plugins.screenorientation",
        "screen.orientation"
      ]
    },
    {
      "id": "cordova-plugin-statusbar.statusbar",
      "file": "plugins/cordova-plugin-statusbar/www/statusbar.js",
      "pluginId": "cordova-plugin-statusbar",
      "clobbers": [
        "window.StatusBar"
      ]
    },
    {
      "id": "cordova-plugin-x-toast.Toast",
      "file": "plugins/cordova-plugin-x-toast/www/Toast.js",
      "pluginId": "cordova-plugin-x-toast",
      "clobbers": [
        "window.plugins.toast"
      ]
    },
    {
      "id": "cordova.plugins.diagnostic.Diagnostic",
      "file": "plugins/cordova.plugins.diagnostic/www/ios/diagnostic.js",
      "pluginId": "cordova.plugins.diagnostic",
      "merges": [
        "cordova.plugins.diagnostic"
      ]
    },
    {
      "id": "cordova.plugins.diagnostic.Diagnostic_Location",
      "file": "plugins/cordova.plugins.diagnostic/www/ios/diagnostic.location.js",
      "pluginId": "cordova.plugins.diagnostic",
      "merges": [
        "cordova.plugins.diagnostic.location"
      ]
    },
    {
      "id": "cordova.plugins.diagnostic.Diagnostic_Bluetooth",
      "file": "plugins/cordova.plugins.diagnostic/www/ios/diagnostic.bluetooth.js",
      "pluginId": "cordova.plugins.diagnostic",
      "merges": [
        "cordova.plugins.diagnostic.bluetooth"
      ]
    },
    {
      "id": "cordova.plugins.diagnostic.Diagnostic_Wifi",
      "file": "plugins/cordova.plugins.diagnostic/www/ios/diagnostic.wifi.js",
      "pluginId": "cordova.plugins.diagnostic",
      "merges": [
        "cordova.plugins.diagnostic.wifi"
      ]
    },
    {
      "id": "cordova.plugins.diagnostic.Diagnostic_Camera",
      "file": "plugins/cordova.plugins.diagnostic/www/ios/diagnostic.camera.js",
      "pluginId": "cordova.plugins.diagnostic",
      "merges": [
        "cordova.plugins.diagnostic.camera"
      ]
    },
    {
      "id": "cordova.plugins.diagnostic.Diagnostic_Notifications",
      "file": "plugins/cordova.plugins.diagnostic/www/ios/diagnostic.notifications.js",
      "pluginId": "cordova.plugins.diagnostic",
      "merges": [
        "cordova.plugins.diagnostic.notifications"
      ]
    },
    {
      "id": "cordova.plugins.diagnostic.Diagnostic_Microphone",
      "file": "plugins/cordova.plugins.diagnostic/www/ios/diagnostic.microphone.js",
      "pluginId": "cordova.plugins.diagnostic",
      "merges": [
        "cordova.plugins.diagnostic.microphone"
      ]
    },
    {
      "id": "cordova.plugins.diagnostic.Diagnostic_Contacts",
      "file": "plugins/cordova.plugins.diagnostic/www/ios/diagnostic.contacts.js",
      "pluginId": "cordova.plugins.diagnostic",
      "merges": [
        "cordova.plugins.diagnostic.contacts"
      ]
    },
    {
      "id": "cordova.plugins.diagnostic.Diagnostic_Calendar",
      "file": "plugins/cordova.plugins.diagnostic/www/ios/diagnostic.calendar.js",
      "pluginId": "cordova.plugins.diagnostic",
      "merges": [
        "cordova.plugins.diagnostic.calendar"
      ]
    },
    {
      "id": "cordova.plugins.diagnostic.Diagnostic_Reminders",
      "file": "plugins/cordova.plugins.diagnostic/www/ios/diagnostic.reminders.js",
      "pluginId": "cordova.plugins.diagnostic",
      "merges": [
        "cordova.plugins.diagnostic.reminders"
      ]
    },
    {
      "id": "cordova.plugins.diagnostic.Diagnostic_Motion",
      "file": "plugins/cordova.plugins.diagnostic/www/ios/diagnostic.motion.js",
      "pluginId": "cordova.plugins.diagnostic",
      "merges": [
        "cordova.plugins.diagnostic.motion"
      ]
    },
    {
      "id": "es6-promise-plugin.Promise",
      "file": "plugins/es6-promise-plugin/www/promise.js",
      "pluginId": "es6-promise-plugin",
      "runs": true
    },
    {
      "id": "ionic-plugin-keyboard.keyboard",
      "file": "plugins/ionic-plugin-keyboard/www/ios/keyboard.js",
      "pluginId": "ionic-plugin-keyboard",
      "clobbers": [
        "cordova.plugins.Keyboard"
      ],
      "runs": true
    },
    {
      "id": "cordova-plugin-camera.Camera",
      "file": "plugins/cordova-plugin-camera/www/CameraConstants.js",
      "pluginId": "cordova-plugin-camera",
      "clobbers": [
        "Camera"
      ]
    },
    {
      "id": "cordova-plugin-camera.CameraPopoverOptions",
      "file": "plugins/cordova-plugin-camera/www/CameraPopoverOptions.js",
      "pluginId": "cordova-plugin-camera",
      "clobbers": [
        "CameraPopoverOptions"
      ]
    },
    {
      "id": "cordova-plugin-camera.camera",
      "file": "plugins/cordova-plugin-camera/www/Camera.js",
      "pluginId": "cordova-plugin-camera",
      "clobbers": [
        "navigator.camera"
      ]
    },
    {
      "id": "cordova-plugin-camera.CameraPopoverHandle",
      "file": "plugins/cordova-plugin-camera/www/ios/CameraPopoverHandle.js",
      "pluginId": "cordova-plugin-camera",
      "clobbers": [
        "CameraPopoverHandle"
      ]
    },
    {
      "id": "cordova-plugin-file-transfer.FileTransferError",
      "file": "plugins/cordova-plugin-file-transfer/www/FileTransferError.js",
      "pluginId": "cordova-plugin-file-transfer",
      "clobbers": [
        "window.FileTransferError"
      ]
    },
    {
      "id": "cordova-plugin-file-transfer.FileTransfer",
      "file": "plugins/cordova-plugin-file-transfer/www/FileTransfer.js",
      "pluginId": "cordova-plugin-file-transfer",
      "clobbers": [
        "window.FileTransfer"
      ]
    }
  ],
  "plugin_metadata": {
    "cordova-plugin-compat": "1.2.0",
    "cordova-plugin-file": "8.1.3",
    "cordova-plugin-device": "1.1.7",
    "cordova-plugin-background-mode": "0.7.3",
    "cordova-plugin-device-orientation": "1.0.7",
    "cordova-plugin-geolocation": "2.4.3",
    "cordova-plugin-globalization": "1.11.0",
    "cordova-plugin-screen-orientation": "3.0.4",
    "cordova-plugin-statusbar": "2.4.3",
    "cordova-plugin-x-toast": "2.7.3",
    "cordova.plugins.diagnostic": "7.2.5",
    "es6-promise-plugin": "4.2.2",
    "ionic-plugin-keyboard": "2.2.1",
    "cordova-plugin-camera": "8.0.0",
    "cordova-plugin-file-transfer": "2.0.0"
  }
}
